{
  "model": {
    "type": "minecraft:select",
    "property": "minecraft:component",
    "component": "minecraft:custom_name",
    "cases": [
      {
        "when": {
          "text": "1.21.9 Crimson Shelf",
          "italic": false,
          "color": "white"
        },
        "model": {
          "type": "minecraft:model",
          "model": "minecraft:block/crimson_shelf_inventory"
        }
      }
    ],
    "fallback": {
      "type": "minecraft:model",
      "model": "minecraft:block/crimson_planks"
    }
  }
}


