{
  "parent": "minecraft:block/dried_ghast",
  "textures": {
    "bottom": "minecraft:block/dried_ghast_hydration_3_bottom",
    "east": "minecraft:block/dried_ghast_hydration_3_east",
    "north": "minecraft:block/dried_ghast_hydration_3_north",
    "particle": "minecraft:block/dried_ghast_hydration_3_north",
    "south": "minecraft:block/dried_ghast_hydration_3_south",
    "tentacles": "minecraft:block/dried_ghast_hydration_3_tentacles",
    "top": "minecraft:block/dried_ghast_hydration_3_top",
    "west": "minecraft:block/dried_ghast_hydration_3_west"
  }
}