{
  "model":{
    "type": "minecraft:select",
    "property": "minecraft:component",
    "component": "minecraft:custom_name",
    "cases": [
      {
        "when": {
            "text": "1.21.6 Dried Ghast",
            "italic": false,
            "color": "white"
        },
        "model": {
          "type": "minecraft:model",
          "model": "minecraft:block/dried_ghast_hydration_0"
        }
      }
    ],
    "fallback": {
      "type": "minecraft:special",
      "base": "minecraft:item/template_skull",
      "model": {
        "type": "minecraft:head",
        "kind": "skeleton"
      }
    }
  }
}