{
    "model": {
      "type": "minecraft:select",
      "property": "minecraft:component",
      "component": "minecraft:custom_name",
      "cases": [
        {
          "when": {
            "text": "1.21.9 Copper Lantern",
            "italic": false,
            "color": "white"
          },
          "model": {
            "type": "minecraft:model",
            "model": "minecraft:item/copper_lantern"
          }
        },
        {
          "when": {
            "text": "1.21.9 Exposed Copper Lantern",
            "italic": false,
            "color": "white"
          },
          "model": {
            "type": "minecraft:model",
            "model": "minecraft:item/exposed_copper_lantern"
          }
        },
        {
          "when": {
            "text": "1.21.9 Oxidized Copper Lantern",
            "italic": false,
            "color": "white"
          },
          "model": {
            "type": "minecraft:model",
            "model": "minecraft:item/oxidized_copper_lantern"
          }
        },
        {
          "when": {
            "text": "1.21.9 Weathered Copper Lantern",
            "italic": false,
            "color": "white"
          },
          "model": {
            "type": "minecraft:model",
            "model": "minecraft:item/weathered_copper_lantern"
          }
        },
        {
          "when": {
            "text": "1.21.9 Waxed Copper Lantern",
            "italic": false,
            "color": "white"
          },
          "model": {
            "type": "minecraft:model",
            "model": "minecraft:item/copper_lantern"
          }
        },
        {
          "when": {
            "text": "1.21.9 Waxed Exposed Copper Lantern",
            "italic": false,
            "color": "white"
          },
          "model": {
            "type": "minecraft:model",
            "model": "minecraft:item/exposed_copper_lantern"
          }
        },
        {
          "when": {
            "text": "1.21.9 Waxed Oxidized Copper Lantern",
            "italic": false,
            "color": "white"
          },
          "model": {
            "type": "minecraft:model",
            "model": "minecraft:item/oxidized_copper_lantern"
          }
        },
        {
          "when": {
            "text": "1.21.9 Waxed Weathered Copper Lantern",
            "italic": false,
            "color": "white"
          },
          "model": {
            "type": "minecraft:model",
            "model": "minecraft:item/weathered_copper_lantern"
          }
        }
      ],
      "fallback": {
        "type": "minecraft:model",
        "model": "minecraft:item/soul_lantern"
      }
    }
  }
  