{
  "model":{
    "type": "minecraft:select",
    "property": "minecraft:component",
    "component": "minecraft:custom_name",
    "cases": [
      {
        "when": {
            "text": "1.21.9 Copper Bars",
            "italic": false,
            "color": "white"
        },
        "model": {
          "type": "minecraft:model",
          "model": "minecraft:item/copper_bars"
        }
      },
      {
        "when": {
            "text": "1.21.9 Exposed Copper Bars",
            "italic": false,
            "color": "white"
        },
        "model": {
          "type": "minecraft:model",
          "model": "minecraft:item/exposed_copper_bars"
        }
      },
      {
        "when": {
            "text": "1.21.9 Oxidized Copper Bars",
            "italic": false,
            "color": "white"
        },
        "model": {
          "type": "minecraft:model",
          "model": "minecraft:item/oxidized_copper_bars"
        }
      },
      {
        "when": {
            "text": "1.21.9 Weathered Copper Bars",
            "italic": false,
            "color": "white"
        },
        "model": {
          "type": "minecraft:model",
          "model": "minecraft:item/weathered_copper_bars"
        }
      },
      {
        "when": {
            "text": "1.21.9 Waxed Copper Bars",
            "italic": false,
            "color": "white"
        },
        "model": {
          "type": "minecraft:model",
          "model": "minecraft:item/waxed_copper_bars"
        }
      },
      {
        "when": {
            "text": "1.21.9 Waxed Exposed Copper Bars",
            "italic": false,
            "color": "white"
        },
        "model": {
          "type": "minecraft:model",
          "model": "minecraft:item/exposed_copper_bars"
        }
      },
      {
        "when": {
            "text": "1.21.9 Waxed Oxidized Copper Bars",
            "italic": false,
            "color": "white"
        },
        "model": {
          "type": "minecraft:model",
          "model": "minecraft:item/oxidized_copper_bars"
        }
      },
      {
        "when": {
            "text": "1.21.9 Waxed Weathered Copper Bars",
            "italic": false,
            "color": "white"
        },
        "model": {
          "type": "minecraft:model",
          "model": "minecraft:item/weathered_copper_bars"
        }
      }
      
    ],
    "fallback": {
      "type": "minecraft:model",
      "model": "minecraft:item/iron_bars"
    }
  }
}