{
  "model": {
    "type": "minecraft:select",
    "property": "minecraft:component",
    "component": "minecraft:custom_name",
    "cases": [
      {
        "when": {
            "text": "1.21.7 Music Disc Lava Chicken",
            "italic": false,
            "color": "white"
        },
        "model": {
          "type": "minecraft:model",
          "model": "minecraft:item/music_disc_lava_chicken"
        }
      }
    ],
    "fallback": {
      "type": "minecraft:model",
      "model": "minecraft:item/music_disc_lava_chicken"
    }
  }
}