{
  "model":{
    "type": "minecraft:select",
    "property": "minecraft:component",
    "component": "minecraft:custom_name",
    "cases": [
      {
        "when": {
            "text": "1.21.9 Copper Hoe",
            "italic": false,
            "color": "white"
        },
        "model": {
          "type": "minecraft:model",
          "model": "minecraft:item/copper_hoe"
        }
      }
    ],
    "fallback": {
      "type": "minecraft:model",
      "model": "minecraft:item/iron_hoe"
    }
  }
}