{
  "model": {
    "type": "minecraft:select",
    "property": "minecraft:component",
    "component": "minecraft:custom_name",
    "cases": [
      {
        "when": {
          "text": "1.21.9 Waxed Lightning Rod",
          "italic": false,
          "color": "white"
        },
        "model": {
          "type": "minecraft:model",
          "model": "minecraft:block/lightning_rod"
        }
      },
      {
        "when": {
          "text": "1.21.9 Exposed Lightning Rod",
          "italic": false,
          "color": "white"
        },
        "model": {
          "type": "minecraft:model",
          "model": "minecraft:block/exposed_lightning_rod"
        }
      },
      {
        "when": {
          "text": "1.21.9 Oxidized Lightning Rod",
          "italic": false,
          "color": "white"
        },
        "model": {
          "type": "minecraft:model",
          "model": "minecraft:block/oxidized_lightning_rod"
        }
      },
      {
        "when": {
          "text": "1.21.9 Weathered Lightning Rod",
          "italic": false,
          "color": "white"
        },
        "model": {
          "type": "minecraft:model",
          "model": "minecraft:block/weathered_lightning_rod"
        }
      },
      {
        "when": {
          "text": "1.21.9 Waxed Exposed Lightning Rod",
          "italic": false,
          "color": "white"
        },
        "model": {
          "type": "minecraft:model",
          "model": "minecraft:block/exposed_lightning_rod"
        }
      },
      {
        "when": {
          "text": "1.21.9 Waxed Oxidized Lightning Rod",
          "italic": false,
          "color": "white"
        },
        "model": {
          "type": "minecraft:model",
          "model": "minecraft:item/oxidized_lightning_rod"
        }
      },
      {
        "when": {
          "text": "1.21.9 Waxed Weathered Lightning Rod",
          "italic": false,
          "color": "white"
        },
        "model": {
          "type": "minecraft:model",
          "model": "minecraft:item/weathered_lightning_rod"
        }
      }
    ],
    "fallback": {
      "type": "minecraft:model",
      "model": "minecraft:block/lightning_rod"
    }
  }
}
