{
  "model": {
    "type": "minecraft:select",
    "property": "minecraft:component",
    "component": "minecraft:custom_name",
    "cases": [
      {
        "when": {
          "text": "1.21.11 Netherite Spear",
          "italic": false,
          "color": "white"
        },
        "model": {
          "type": "minecraft:select",
          "property": "minecraft:display_context",
          "cases": [
            {
              "model": {
                "type": "minecraft:model",
                "model": "minecraft:item/netherite_spear"
              },
              "when": ["gui", "ground", "fixed"]
            }
          ],
          "fallback": {
            "type": "minecraft:model",
            "model": "minecraft:item/netherite_spear_in_hand"
          }
        }
      }
    ],
    "fallback": {
      "type": "minecraft:model",
      "model": "minecraft:item/netherite_sword"
    }
  }
}

